OBJECTID,GlobalID,Shape__Area,Shape__Length
1,29f184a9-a3ce-4649-81cd-dc257a85eed2,0.174145495083202,1.87038921846353
